Nom d'usage;PS / THALES : AL
magasin;thales
ABBEVILLE -CORDELIER;FRPA01
AIGUEPERSE -CLERMONT;FRPALP
AIRAINES -HYPER;FRPW98
AIRE S/L'ADOUR;FRPAH1
AIX LES B -VERLAINE;FRPD83
AIX NOULETTE;FRPD84
AJACCIO -ALBERT 1ER;FRPA07
ALBERTVILLE -DE GAUL;FRPD85
ALBERTVILLE -P DU RO;FRPD86
ALENCON -PAPIN;FRPD87
ALENCON -QUAKENBRUCK;FRPAGG
AMBERIEU EN BUGEY;FRPD89
AMBERT;FRPD90
AMBON 2;FRPAMP
AMENDEUIX ONEIX;FRPCGM
AMIENS;FRPD92
AMPLEPUIS;FRPA11
ANNECY LE VIEUX;FRPD96
ANNEMASSE -FLORISSAN;FRPAN6
ANNEMASSE -PERRIER;FRPD98
ANNOEULLIN;FRPA13
ANSE;FRPAH8
ANTIBES -GRASSE;FRPE01
ANTIBES -PASTEUR;FRPA14
ANZIN -VALMONT;FRPAIX
ARCIS S/AUBE;FRPE02
ARDRES;FRPATB
ARGELES GAZOST -STAD;FRPZ81
ARGENTAN -CHAMPAGNE;FRPE05
ARGENTON S/CREUSE;FRPE06
ARQUES -FRAIS FONDS;FRPCC1
ARRAS -ROSATI;FRPE09
ARUDY;FRPCGN
ASNIERES -2;FRPA18
AUBENAS;FRPE12
AUBIGNY AU BAC;FRPE15
AUBIGNY EN ARTOIS;FRPE16
AUBIGNY S/NERE 2;FRPADR
AUBUSSON;FRPE17
AUCHEL -ALLOUAGNE;FRPE18
AUCHEL -GANDHI;FRPE19
AUDENGE;FRPASY
AUDRUICQ;FRPE20
AUDUN LE TICHE;FRPA19
AUNEUIL;FRPCGS
AURAY;FRPE22
AUSSONNE;FRPA20
AUTERIVE INT;FRPJA1
AUTREVILLE;FRPCG2
AUXERRE;FRPE24
AVESNES LE COMTE;FRPE26
AVESNES LES AUBERT;FRPA22
AVESNES S/HELPE;FRPE25
AVION;FRPE27
AVON;FRPE28
AVRANCHES;FRPAKQ
AVRILLE -MENDESFRANC;FRPCD2
AYTRE;FRPASF
AZAY LE RIDEAU;FRPAHZ
BADEN;FRPCD9
BAGNERES DE BIGORRE;FRPA27
BAGNOLS S/CEZE -NIME;FRPAIZ
BAILLY EN ROMAINVILL;FRPE35
BAISIEUX;FRPE36
BALBIGNY;FRPA28
BALLANCOURT;FRPW93
BANDOL -LA GARDUERE;FRPA29
BANYULS;FRPA30
BAPAUME;FRPE38
BAR S/AUBE;FRPE39
BARAQUEVILLE;FRPYCF
BARCELONNETTE;FRPA31
BARLIN -VERTE PLAINE;FRPYBD
BARNEVILLE CARTERET;FRPA32
BAUD 2;FRPCC4
BAUVIN;FRPASO
BAVAY;FRPA33
BAYONNE -ALSACE;FRPCGO
BAYONNE -MARRACQ;FRPCGP
BEAUMONT;FRPE47
BEAUMONT LE ROGER;FRPA35
BEAURAINS -BOREAL;FRPAMK
BEAURAINVILLE;FRPBBG
BEAUREPAIRE;FRPW80
BEAUTIRAN;FRPCH3
BEAUZELLE;FRPAGD
BEDARIEUX;FRPYBZ
BELFORT 2;FRPBBH
BELLAC 2;FRPADQ
BELLEGARDE (30);FRPA39
BELLEGARDE S/V -TASS;FRPCFF
BELLEGARDE S/VAL-REP;FRPE52
BELLEME;FRPK54
BELLEVILLE (69);FRPE53
BELLEY -PROVENCIA;FRPE55
BENODET;FRPA41
BERCK -SOUBITEZ;FRPE56
BERGERAC;FRPE57
BERGERAC -ALVERE;FRPCEP
BERNAY;FRPAKR
BERRE L'ETANG;FRPCDL
BESSEGES;FRPA43
BETHISY ST PIERRE;FRPBBA
BETHUNE -BAR;FRPAHJ
BETHUNE -LILLE 655;FRPCDA
BETTON LA LEVEE;FRPE64
BEUVRY;FRPE65
BEUZEVILLE;FRPA44
BIHOREL;FRPAKS
BLAGNY;FRPBBI
BLAINVILLE S/MER;FRPE70
BLERE -TOURS;FRPCDG
BLOIS -CHAVY;FRPE73
BLOIS -QUINIERE;FRPE74
BOHAIN;FRPA47
BOIS GUILLAUME -BOCQ;FRPE75
BOIS GUILLAUME -MAIR;FRPE76
BOISMONT;FRPASP
BONDUES -RN;FRPE78
BONNEVAL -LOUVETERIE;FRPCIP
BONNEVILLE -BORDETS;FRPAKH
BORDEAUX -BASTIDE;FRPZ99
BORDEAUX -DELATTRE;FRPE81
BORDEAUX -FERRY;FRPA48
BORDEAUX -GDS HOMMES;FRPE82
BORDEAUX -ST JEAN;FRPE83
BORDEAUX -V.HUGO;FRPA49
BORGO;FRPE84
BORT LES ORGUES;FRPA50
BOSC LE HARD;FRPE85
BOUCHAIN;FRPA51
BOULOGNE -NORD;FRPCG5
BOULOGNE -SUD;FRPCG6
BOULOGNE BILLANCOURT;FRPE89
BOULOGNE S/M -LIANE;FRPE88
BOURBON L'ARCHAMBAUL;FRPE90
BOURBONNE;FRPA52
BOURBOURG;FRPE91
BOURG ACHARD;FRPA54
BOURG EN BR -MARBOZ;FRPE95
BOURG EN BR -SAMARIT;FRPAFX
BOURG LA REINE;FRPA56
BOURG MADAME;FRPA57
BOURG S/GIRONDE;FRPA53
BOURGANEUF;FRPE94
BOURGES -AEROPORT;FRPE96
BOURGES -DUN;FRPAGA
BOURGES -GIBJONCS;FRPE98
BOURISP;FRPBC1
BOUSSAC -BOURBONNAIS;FRPF03
BRAINE;FRPA58
BRAM;FRPA59
BRANNE -GREZILLAC;FRPARW
BRANTOME;FRPAP2
BRAY DUNES -DECOCK;FRPA61
BRAY S/SEINE;FRPF04
BREAL S/S MONTFORT;FRPAGW
BRESSUIRE -EUROPE;FRPF08
BREST -BELLEVUE;FRPF10
BRETEUIL -HIEBLES;FRPAKJ
BRETEUIL S/ITON;FRPA63
BRETTEVILLE S/ODON;FRPF12
BREUILLET -ST CHERON;FRPF13
BRIANCON;FRPBB3
BRIARE;FRPAUC
BRIE COMTE ROBERT;FRPA66
BRIONNE;FRPF15
BRIOUDE;FRPA69
BRUNOY;FRPAGH
BUCHY 2;FRPX86
BULLY LES MINES;FRPF19
BUSSY ST GEORGES;FRPM31
BUZANCAIS;FRPF20
CABOURG 2;FRPALY
CACHAN;FRPCG1
CALAIS -CHAROST;FRPF24
CALAIS -VIRVAL;FRPF26
CAMBO LES BAINS;FRPCGQ
CAMBRAI;FRPBB6
CANNES -MEYNADIER 2;FRPBB8
CANNES LA BOCCA;FRPBB4
CANY BARVILLE;FRPF30
CAPPELLE LA GRANDE;FRPA74
CARENTAN;FRPAUU
CASTRES;FRPA76
CAUDEBEC;FRPA77
CAVALAIRE;FRPA78
CAZERES;FRPA79
CAZOULS;FRPA80
CERANS FOULLETOURTE;FRPA81
CERET;FRPF34
CHALETTE S/LOING;FRPF38
CHAMONIX -LE BETTY;FRPF40
CHAMPAGNE S/SEINE;FRPAUD
CHANGE -53;FRPA85
CHANTILLY;FRPF45
CHARLEVAL;FRPA87
CHARNAY LES MACON;FRPA88
CHARTRES DE BRETAGNE;FRPF48
CHARTRETTES;FRPF49
CHASSIEU;FRPF50
CHATEAU GONTIER;FRPCF4
CHATEAU LANDON;FRPAG9
CHATEAU RENAULT;FRPBCE
CHATEAUBRIANT;FRPAKU
CHATEAURENARD;FRPA90
CHATEAUROUX -BEAULIE;FRPCEG
CHATENOY LE ROYAL;FRPF58
CHATILLON;FRPF59
CHATILLON S/CHALARO2;FRPAJC
CHAUFFAILLES;FRPW15
CHAULNES;FRPF62
CHEVIGNY -DIJON;FRPF67
CHILLY MAZARIN;FRPA93
CLAIX;FRPF69
CLAMART -DE GAULLE;FRPF70
CLERMONT FD -ALYRE;FRPF71
CLERMONT FD -JAUDE;FRPA94
CLUNY;FRPAWH
COLOMBES 2 -EUROPE;FRPBBS
COLOMIERS -ORMEAU;FRPF72
COLOMIERS -RAMASSIER;FRPAUP
COMINES -TANNERIE;FRPF74
COMMENTRY;FRPF75
CONCHES EN OUCH -MOU;FRPCF7
CONDOM;FRPCGR
CONDRIEU;FRPF79
CONFLANS STE HONORIN;FRPF80
CONNERRE;FRPCE1
CORBAS;FRPF81
CORMEILLES;FRPA96
CORPEAU;FRPF82
COSNE COURS S/L -LEC;FRPW83
COSNE COURS S/L -RN7;FRPF84
COSNE D'ALLIER;FRPF85
COUERON;FRPA97
COULAINES;FRPA98
COUPVRAY;FRPF89
COURBEVOIE;FRPF90
COURSEULLES;FRPA99
COUTANCES -PLANCHE;FRPBBZ
CREANCES;FRPF95
CREGY LES MEAUX;FRPF97
CREMIEU;FRPF98
CREON -SAUVETERRE;FRPB03
CREPY EN VALOIS;FRPG01
CREST;FRPB04
CREVECOEUR LE GRAND;FRPB05
CROISSY S/SEINE;FRPG06
CROUY;FRPYIQ
CRUSEILLES;FRPAFG
CUGNAUX;FRPYBW
CULOZ;FRPG07
CUSSET -CHARMEIL;FRPYIX
DAMVILLE;FRPBCA
DANGE ST ROMAIN;FRPBC6
DAVEZIEUX;FRPG11
DAX;FRPCFQ
DEAUVILLE;FRPCEX
DECHY;FRPG12
DECIZE;FRPG13
DEOLS;FRPAIV
DESERTINES;FRPG14
DESVRES -BOULOGNE;FRPG15
DEVILLE LES ROUEN;FRPCEW
DINAN -CHENE QUEVERT;FRPJ42
DINARD -ST ALEXANDRE;FRPG17
DISTRE;FRPCDD
DIVION;FRPBBJ
DIVONNE LES BAINS;FRPG20
DOL DE BRETAGNE;FRPYBC
DOMBASLE 2;FRPAVJ
DOMFRONT;FRPAG1
DORMANS -CHAVENAY;FRPG23
DOUAI -ARMES;FRPG25
DOUDEVILLE;FRPB12
DOUVAINE -THONON;FRPG26
DRANCY;FRPG27
DRAVEIL;FRPAWK
DUCEY -RN 176;FRPN23
DUCLAIR;FRPB13
DUNIERES;FRPB14
DUNKERQUE;FRPH80
ECUELLES;FRPG29
ELANCOURT;FRPG30
ELBEUF;FRPG31
ENNERY;FRPYAB
ENTRAIGUES;FRPB17
EPERLECQUES;FRPG33
EPINAY S/ORGE;FRPG35
EPOUVILLE;FRPG36
ERGUE GABERIC;FRPG37
ERNEE -LA HAINAUD;FRPBCF
ERQUINGHEM LYS;FRPAJP
ESQUIEZE SERE -LUZ;FRPW81
ESSARS;FRPG39
ESTAIRES;FRPG40
ETABLES S/MER;FRPG41
ETAPLES -BOULOGNE;FRPG42
ETIOLLES;FRPG43
ETREPAGNY 2;FRPAKC
EVRON;FRPAIA
FALAISE -CLEMENCEAU;FRPN43
FAVERGES;FRPG48
FAVEROLLES S/CHER;FRPG49
FECAMP -GANZEVILLE;FRPG50
FEIGNIES;FRPB26
FERNEY VOLTAIRE -VOL;FRPG51
FERRIERE LA GRANDE;FRPG53
FERRIERES D'AUNIS;FRPCEV
FERRIERES EN GATINAI;FRPG54
FEUQUIERES EN VIMEU;FRPG59
FIGEAC;FRPB27
FISMES;FRPG60
FLEURANCE;FRPG62
FLEURY LES AUBRAIS;FRPBCG
FLEURY S/ANDELLE;FRPG63
FLORAC;FRPB28
FLORANGE 2;FRPB29
FONTENAY AUX ROSES;FRPB30
FOUESNANT 2;FRPALZ
FOUGERES;FRPAHP
FRAIZE;FRPAN3
FRENEUSE;FRPBBV
FREVENT -FERRY;FRPB33
FROGES;FRPG72
FROUZINS;FRPB34
FRUGES -3 MOULINS;FRPG73
FUMAY;FRPAHE
GALLARDON;FRPADY
GANNAT;FRPAUB
GARDANNE;FRPG77
GARGENVILLE;FRPG78
GENAS;FRPG79
GERZAT;FRPG80
GEVEZE;FRPG81
GEX;FRPG82
GIEN;FRPAVP
GIMONT;FRPB35
GISORS BOULOIR;FRPA36
GODERVILLE;FRPB36
GOMETZ LA VILLE;FRPG84
GONNEVILLE LA MALLET;FRPB37
GOURDON;FRPB38
GOUZON;FRPB39
GRAND CHAMP -VANNES;FRPAIB
GRANDVILLIERS ST FUS;FRPG88
GRAY;FRPG89
GRESY S/AIX;FRPG90
GRISOLLES;FRPADC
GROISY;FRPG92
GUER;FRPG93
GUERANDE;FRPG94
GUERET;FRPG95
GUIGNES;FRPZ92
GUIGNICOURT;FRPG97
GUILLESTRE;FRPB40
GUINES -2;FRPAEA
GUISE;FRPAVD
GUJAN MESTRAS;FRPB41
GUYANCOURT;FRPCFH
HAGETMAU;FRPCFR
HAILLICOURT;FRPH02
HAM;FRPH03
HAUTEVILLE LOMPNES;FRPW33
HEM;FRPH07
HENDAYE -ALLEES;FRPCFS
HESDIN;FRPH11
HONFLEUR;FRPB53
HYERES;FRPB54
ILLE S/TET;FRPB55
INGRE;FRPB56
IRIGNY;FRPH15
ISBERGUES;FRPH16
ISIGNY S/MER;FRPB57
ISSOUDUN;FRPAP4
IVRY S/SEINE;FRPH19
JASSANS;FRPH21
JEUMONT;FRPH22
JONAGE;FRPH23
JOUY LE MOUTIER;FRPH25
JOYEUSE;FRPB60
JUSSEY;FRPAMX
L'ARBRESLE;FRPA16
L'ISLE JOURDAIN;FRPAHT
LA BRILLANNE;FRPAIJ
LA CAPELLE;FRPA73
LA CHATRE;FRPCEH
LA CHAUSSEE ST VICTO;FRPF64
LA CLUSE;FRPI35
LA CRAU;FRPB02
LA FERTE ALAIS;FRPCF5
LA FERTE BERNARD-BRU;FRPG56
LA FERTE ST AUBIN;FRPBC2
LA FLECHE -MOLANS;FRPAFS
LA HAYE DU PUITS;FRPH06
LA LOUPE;FRPBC3
LA MONNERIE;FRPB94
LA PRIMAUBE;FRPYBU
LA ROCHE S/F -AMANCY;FRPC96
LA ROCHETTE;FRPAH7
LA SOUTERRAINE;FRPK11
LA VOULTE S/RHONE;FRPW17
LAGNIEU;FRPH26
LAILLE -PT DU JOUR;FRPAI5
LALLAING;FRPAMS
LAMBALLE -LAVERGNE;FRPYAH
LAMORLAYE;FRPH28
LAMOTTE BEUVRON;FRPH29
LANDRECIES;FRPH30
LANGEAIS;FRPB63
LANNEMEZAN;FRPCFT
LAON -CHRIST;FRPAHC
LAON -MENU;FRPH34
LAPALISSE;FRPH35
LAROQUE DES ALBERES;FRPB64
LAVAL;FRPCF1
LAVELANET -8 MAI;FRPH37
LE BEAUSSET;FRPA37
LE CHAMBON FEUGEROLL;FRPATR
LE COTEAU;FRPF86
LE CRES -JACOU;FRPG02
LE CREUSOT -ARCHE;FRPG04
LE FAOUET;FRPAIU
LE HAVRE -BELLANGER;FRPB45
LE HAVRE -BRIAND;FRPB46
LE HAVRE -SANVIC;FRPH05
LE HAVRE -TURENNE;FRPB47
LE HAVRE -VALLEE;FRPB48
LE LAVANDOU;FRPB65
LE MANS -ARNAGE;FRPH82
LE MANS -CHASSE ROYA;FRPBCB
LE MANS -MAILLETS;FRPH84
LE MANS -O.HEUZE;FRPAQR
LE MANS -PIRON;FRPCER
LE MANS -SABLONS;FRPASM
LE MANS -UNIVERSITE;FRPAVB
LE MESNIL ESNARD;FRPI08
LE NOUVION EN THIERA;FRPI68
LE PLESSIS ROBINSON;FRPJ11
LE PONTEL;FRPL50
LE PRE ST GERVAIS;FRPJ32
LE PT QUEVILLY -JAUR;FRPJ02
LE TAILLAN MEDOC;FRPR24
LE TIGNET;FRPW32
LE TOUQUET;FRPK97
LE TRAIT;FRPD58
LEFOREST;FRPB66
LENS -MAES;FRPH38
LENS -ZOLA;FRPH39
LEON;FRPCFU
LES ABRETS;FRPA02
LES AIX D'ANGILLON;FRPA06
LES ANDELYS;FRPD93
LES ROUSSES;FRPD03
LES SABLES -CASTELNA;FRPAHS
LES SABLES -GARLIERE;FRPAMY
LES VANS;FRPD67
LESIGNY;FRPAWA
LEZAT;FRPB68
LEZIGNAN CORBIERES;FRPB69
LEZOUX;FRPH43
LIBERCOURT;FRPB70
LIGNIERES;FRPB72
LIGNY EN BARROIS;FRPH46
LILLE -FIVES;FRPH47
LILLE -GAMBETTA;FRPH48
LILLE -LA MADELEINE;FRPH49
LILLE -MOSELLE;FRPH50
LILLERS -DEKEISER;FRPH51
LIMOGES -PAGUENAUD;FRPAUA
LIMOGES -ROUSSILLON;FRPH56
LIMOURS;FRPH58
LISLET;FRPH60
LIVRY GARGAN -MAG;FRPH61
LOCMINE;FRPH62
LOCTUDY;FRPAIC
LONGPERRIER;FRPH64
LONGUEIL ANNEL;FRPH65
LONS LE SAUNIER;FRPH67
LORETTE;FRPH69
LORIENT -ORIENTIS;FRPCDE
LOUHANS;FRPH73
LOURDES -POURXET;FRPH75
LOUVIERS -CHAMP DE V;FRPBBU
LUZARCHES;FRPH77
LYON -FRERES LUMIERE;FRPB79
MAGNY EN VEXIN;FRPAG2
MAICHE;FRPB80
MAIGNELAY MONTIGNY;FRPADE
MALESHERBES;FRPB81
MANOM;FRPH81
MANTES LA JOLIE;FRPH89
MARCK EN CALAISIS;FRPAHH
MARIGNY;FRPAIS
MARINES;FRPAGJ
MARLE;FRPAHD
MARLY;FRPH93
MARLY LE ROI -TERRES;FRPH94
MARMANDE -2;FRPAKY
MAROLLES EN HUREPOIX;FRPH95
MARQUISE;FRPH96
MARSEILLAN;FRPB84
MARSEILLE -AMARYLLIS;FRPB85
MARSEILLE -BELLE MAI;FRPH97
MARSEILLE -CATALANS;FRPYCK
MARSEILLE -SCHUMAN;FRPAUK
MARSEILLE -ST BARNAB;FRPH98
MARVEJOLS;FRPB86
MASSY -2;FRPB87
MAULEON-LICHARRE;FRPH99
MAULETTE;FRPB88
MAURIAC;FRPB89
MAYENNE;FRPCH1
MEHUN S/YEVRE;FRPI02
MELUN;FRPI04
MENUCOURT;FRPAWI
MERCIN ET VAUX -2;FRPAIP
MERIGNAC -MONTESQUIE;FRPAA6
MEUDON;FRPI09
MEXIMIEUX;FRPI10
MEYZIEU;FRPI11
MEZE;FRPI12
MEZIDON CANON;FRPCF6
MEZIERES;FRPZ87
MEZZAVIA;FRPB90
MILLAU;FRPYBV
MILLY LA FORET;FRPI14
MIMIZAN;FRPAEI
MIRAMAS;FRPI15
MIRANDE;FRPB91
MIRECOURT;FRPI16
MIRIBEL;FRPI17
MOIRANS;FRPI18
MONDONVILLE;FRPAP6
MONISTROL S/LOIRE;FRPI20
MONT DE MARSAN;FRPB97
MONTALIEU VERCIEU;FRPI21
MONTBRISON;FRPAMQ
MONTELIMAR -DIEULEFI;FRPI24
MONTEREAU FAULT-YONN;FRPI27
MONTESSON;FRPI28
MONTEUX;FRPCD3
MONTMARAULT;FRPB99
MONTMIRAIL;FRPCF8
MONTPELLIER -CROIX A;FRPI33
MONTPELLIER -J COEUR;FRPAKX
MONTPELLIER -JUSTICE;FRPI34
MONTREJEAU;FRPCFV
MONTREUIL -C DE VILL;FRPAM3
MONTREUIL -CAMPIGNEU;FRPYBE
MONTREVEL EN BRESSE;FRPI38
MONTROND LES BAINS;FRPI39
MONTROUGE;FRPC01
MORANGIS;FRPI40
MOREUIL;FRPW54
MORTAIN;FRPI43
MORTEAU;FRPC02
MORZINE;FRPC03
MOUGINS -REFUGE;FRPADB
MOUGINS -TOURNAMY;FRPI44
MOUROUX;FRPAWB
MOUTIERS -SALINES;FRPC05
MULSANNE;FRPI47
NANGIS;FRPI48
NANTERRE -PICASSO 2;FRPAKM
NANTES -RP DE VANNES;FRPC11
NANTEUIL LES M -FOUL;FRPADI
ND DE GRAVENCHON;FRPC12
NERAC;FRPCFW
NESLES;FRPI51
NEUILLY EN THELLE;FRPC14
NEUVILLE -LIBERATION;FRPC16
NEVERS -COLBERT 2;FRPCC3
NEVERS -ST EXUPERY;FRPAP7
NICE -CALIFORNIE;FRPI56
NICE -GORBELLA;FRPI57
NICE -MONT BORON;FRPI58
NICE -NOTRE DAME;FRPCDP
NICE -PESSICART;FRPAVH
NICE -ST ANDRE;FRPI59
NIMES -KENNEDY;FRPI60
NIMES -PAINLEVE;FRPI61
NIORT -ST JEAN;FRPI63
NIVILLAC;FRPAI7
NOGARO;FRPBD2
NOGENT LE ROI;FRPC17
NOGENT S/SEINE;FRPAGT
NOISY LE SEC 2;FRPAG3
NONANCOURT;FRPL03
NOUZONVILLE;FRPBBL
NUITS ST GEORGES;FRPI71
OBJAT;FRPI72
OCTEVILLE;FRPC22
OFFRANVILLE;FRPI73
OLLIOULES;FRPC23
OLORON STE MARIE;FRPCFX
ONNAING;FRPC24
OPIO;FRPC25
ORBEC -VESPIERE;FRPC26
ORLEANS -MADELEINE;FRPI77
ORLEANS -OLIVET;FRPAVZ
ORLEANS -ST MESMIN;FRPI79
OS MARSILLON;FRPC28
OUISTREHAM;FRPC29
OUTREAU -SOLEIL;FRPI81
OYONNAX;FRPI82
PACY S/EURE;FRPASG
PALAVAS LES FLOTS;FRPC32
PARIGNY;FRPCE2
PARIS -BARBES;FRPC33
PARIS -BRUNE;FRPANY
PARIS -CLIGNANCOURT;FRPAJD
PARIS -DEMOURS;FRPC35
PARIS -ITALIE 2;FRPI87
PARIS -LECLERC;FRPC36
PARIS -LYON;FRPAH3
PARIS -MARCADET;FRPC37
PARIS -MAUBEUGE;FRPC38
PARIS -MONGE;FRPC39
PARIS -NATIONALE;FRPI88
PARIS -PROCESSION;FRPC40
PARIS -PYRENEES;FRPI89
PARIS -ROCHECHOUART;FRPI90
PARIS -SEINE;FRPC41
PARIS -ST MARCEL;FRPC42
PARIS -ST OUEN;FRPC43
PARIS -TOLBIAC 174;FRPC44
PARIS -TURGOT ROCHEC;FRPCC6
PARIS -VOUILLE;FRPI91
PAU -KENNEDY;FRPCFY
PAUILLAC;FRPAHY
PAVILLY;FRPI95
PECHBONNIEU;FRPC45
PENESTIN -PONTCANO;FRPAI8
PENVENAN -LANNION;FRPAD5
PERIERS -CARENTAN;FRPI96
PERONNAS;FRPI97
PERRIGNY -CHAMPAGNOL;FRPI98
PERTUIS;FRPC48
PESSAC -ALOUETTES;FRPCDK
PEYREHORADE -BAYONNE;FRPCFZ
PEYREHORADE -SABLOT;FRPCGA
PEZENAS;FRPC50
PIBRAC;FRPJ05
PIERRELATTE;FRPJ06
PIERRES;FRPJ07
PINON;FRPC52
PINS JUSTARET;FRPC53
PITHIVIERS -DADONVIL;FRPJ09
PLEDRAN;FRPAKV
PLOEMEUR -BRETAGNE;FRPAL9
PLOEUC S/LIE;FRPAID
PLOMEUR;FRPC54
PLOUAGAT;FRPAD4
PLOUAY;FRPC55
PLOUBALAY;FRPAKP
PLOUHA;FRPC56
PLOUHINEC;FRPAJW
PLUNERET -KERFONTAIN;FRPJ16
POIX DE PICARDIE;FRPJ20
POMAREZ;FRPCGB
PONT AUDEMER -ETANG;FRPCFA
PONT AUDEMER -LION;FRPJ23
PONT DE CHERUY 2;FRPACX
PONT EVEQUE;FRPJ26
PONT L'ABBE D'ARNOUL;FRPCD5
PONT ST ESPRIT;FRPJ27
PONTAULT COMBAULT;FRPJ24
PONTGIBAUD;FRPC57
PONTORSON;FRPC58
PORNICHET;FRPJ28
PORTICCIO;FRPC59
PRAYSSAC;FRPC60
PREMERY;FRPJ30
PRIGONRIEUX;FRPC61
PROPRIANO;FRPAEQ
PUGET THENIERS;FRPCEM
PUISEUX PONTOISE;FRPJ39
PUYGOUZON;FRPYBY
QUESNOY S/DEULE;FRPBBM
QUESTEMBERT;FRPAVY
QUIEVRECHAIN;FRPC83
QUILLAN;FRPC84
QUIMPERLE;FRPC85
QUINTIN;FRPJ43
RAILLENCOURT;FRPJ44
REBAIS;FRPC87
REIGNIER;FRPJ46
REIMS -CLEMENCEAU;FRPJ47
REIMS -GAMBETTA;FRPJ48
REIMS -GOSSET;FRPJ49
REIMS -PARIS;FRPC89
REIMS -PLACE LUTON;FRPAHA
REMOULINS;FRPC90
RENAISON -ETANGS;FRPCFG
RENNES -B L'EVEQUE;FRPJ52
RENNES -ISLY;FRPJ51
RENNES -POTERIE;FRPJ54
RENNES -VILLEJEAN;FRPJ55
REQUISTA;FRPYCG
RETTEL;FRPC91
RIEC S/BELON;FRPC93
RIEUMES;FRPC94
RILLIEUX -EUROPE;FRPJ61
RILLIEUX -VILLAGE;FRPJ62
RIOM;FRPAP9
RIOM -SEDOUR;FRPC95
RIORGES;FRPJ65
RIVE DE GIER;FRPJ66
RIVES S/FURES;FRPJ67
ROANNE;FRPJ68
ROCHECHOUART;FRPC97
ROCROI;FRPC98
ROGNAC;FRPAD9
ROMILLY S/SEINE;FRPZ80
ROOST WARENDIN;FRPAMR
ROUVROY;FRPJ78
RUBELLES;FRPJ80
RUE MOULINS;FRPJ81
RUEIL MALM -COLMAR;FRPAIY
RUEIL MALM -SUE;FRPJ82
RUY;FRPJ84
SABLE S/SARTHE;FRPCF2
SALBRIS;FRPJ87
SALIES DE BEARN;FRPCGD
SALLES;FRPD07
SALON DE PROV -BRETA;FRPJ89
SAMOENS;FRPD08
SANCERRE;FRPJ90
SARLAT;FRPJ91
SARLAT -DISCOUNT;FRPQ46
SARREBOURG;FRPASZ
SASSENAGE;FRPJ92
SAUSSAY;FRPJ93
SCHEIBENHARD -2;FRPAIR
SCIONZIER;FRPJ96
SCY CHAZELLES;FRPD09
SECLIN;FRPAVS
SEDAN;FRPAHI
SEES;FRPJ99
SETE;FRPAKG
SEVRIER;FRPK02
SEYNOD;FRPK03
SEYSSEL;FRPK04
SIORAC;FRPAQ2
SIX FOURS;FRPD10
SOLESMES 2;FRPAVM
SOMAIN -SEMARD;FRPBBF
SORBIERS;FRPK07
SOTTEVILLE LES ROUEN;FRPK08
SOULAC S/M -GODINEAU;FRPK10
ST AFFRIQUE;FRPYBX
ST AMAND -2;FRPK14
ST AMAND LES EAUX;FRPD12
ST AMAND MONTROND;FRPK15
ST AMBROIX;FRPK16
ST ANDRE DE CORCY;FRPK17
ST ANDRE DE L'EURE;FRPK18
ST AUBIN DU CORMIER;FRPK19
ST AUBIN LES ELBEUF;FRPBBX
ST CALAIS -PRESSOIR;FRPAME
ST CHELY D'APCHER;FRPD14
ST CLAIR DE LA TOUR;FRPK23
ST CYPRIEN;FRPD15
ST DENIS EN VAL;FRPD16
ST DENIS LES BOURG;FRPK25
ST ELOY LES MINES;FRPAL4
ST FLORENT -MOULIN;FRPK28
ST FLOUR;FRPD18
ST FONS;FRPK29
ST GAULTIER -2;FRPAI9
ST GENIS POUILLY;FRPK30
ST GERMAIN DU CORBEI;FRPAGF
ST GERMAIN EN LAYE;FRPK34
ST GERMAIN PUY -FENE;FRPAI3
ST GIRONS 2;FRPAQ3
ST GRATIEN;FRPD21
ST JACQUES DE LA LAN;FRPCH2
ST JEAN D'AULPS;FRPD22
ST JEAN DE BRAYE;FRPK38
ST JEAN DE LUZ;FRPD23
ST JEAN DE MAURIENNE;FRPK39
ST JEAN DE MOIRANS;FRPK40
ST JEAN PIED DE PORT;FRPCGE
ST JEOIRE PRIEURE;FRPK42
ST JORY;FRPAWF
ST JUERY;FRPW76
ST JULIEN DE CONCELL;FRPADN
ST JULIEN EN G -AMED;FRPD24
ST JULIEN EN G -PUY;FRPK43
ST JUST MALMONT;FRPD25
ST LEONARD DE NOBLAT;FRPCDC
ST LYS;FRPD26
ST MALO;FRPAIE
ST MARCEL;FRPK49
ST MARTIN D'AUXIGNY;FRPD28
ST MARTIN FONTENAY;FRPAD1
ST MAUR DES F -DELER;FRPK55
ST MAURICE;FRPK56
ST MICHEL;FRPK57
ST MIHIEL;FRPD31
ST NAZAIRE -VILLEPOR;FRPK59
ST PAUL DE FENOUILLE;FRPD33
ST PIERRE D'IRUBE;FRPCGF
ST PIERRE EGLISE;FRPACD
ST PIERRE LES NEMOUR;FRPK63
ST PIERRE MONTLIMART;FRPD34
ST POL S/TERNOISE;FRPK64
ST POURCAIN S/SIOULE;FRPK65
ST PRIEST -HERRIOT;FRPX77
ST QUENTIN FALLAVIER;FRPK67
ST REMY LES C -BUISS;FRPK68
ST ROMAIN DE COLBOSC;FRPCE8
ST SAENS;FRPW57
ST SEVER;FRPAD8
ST SOUPPLETS;FRPK69
ST SULPICE;FRPD38
ST SYMPHORIEN S/COIS;FRPD39
ST YORRE;FRPK70
STE ADRESSE;FRPD40
STE MAXIME -MERMOZ;FRPD41
STE MAXIME -PRECONIL;FRPD42
STE SIGOLENE;FRPATS
SURESNES -FERRY;FRPK75
SURESNES -VERDUN;FRPK76
TARBES -CLAVERIE;FRPJ17
TARBES -LACAUSSADE;FRPCGG
TARNOS -G.PHILIPPE;FRPCGH
TARTAS;FRPCGI
TAVERNY;FRPD45
TENCE;FRPK80
TERDEGHEM;FRPK81
TERRASSON;FRPCG9
TETEGHEM;FRPK83
THEIX;FRPK85
THIBERVILLE;FRPD46
THIMERT GATELLES;FRPK87
THIONVILLE;FRPAM2
THIVIERS -DE GAULLE;FRPD48
THONES;FRPK88
THONON LES B -FERRY;FRPS12
THONON LES B -MORCY;FRPK89
THORIGNE FOUILLARD;FRPX92
THUMERIES;FRPCDB
TINCHEBRAY;FRPD50
TOULON;FRPAGC
TOULOUSE -COMPANS;FRPV97
TOULOUSE -JOLIMONT;FRPK94
TOULOUSE -L'HERS;FRPYIP
TOULOUSE -LOMBEZ;FRPK95
TOULOUSE -SEYSSES;FRPD54
TOULOUSE -ST MICH 11;FRPK96
TOURCOING;FRPK98
TOURGEVILLE;FRPD55
TOURNEFEUILLE;FRPD56
TOURNON S/RHONE;FRPL01
TOURNUS -RESISTANCE;FRPL04
TOURS -FONTAINES;FRPASK
TOURS -LA RICHE;FRPL07
TOURS -TONNELE;FRPCG8
TREMBLAY EN FRANCE;FRPD59
TRETS;FRPAP1
TREVOUX;FRPL10
TRILPORT;FRPL11
TRITH ST LEGER;FRPL12
TULLINS;FRPL13
UGINE;FRPC67
UNIEUX;FRPL14
URT;FRPCGJ
VAIRES S/MARNE;FRPL16
VALBONNE;FRPAQX
VALENCE S/BAISE;FRPCGK
VALENCIENNES;FRPAVG
VALENTON -2;FRPD65
VALOGNES;FRPL18
VANNES -TOHANNIC;FRPL21
VANVES;FRPL22
VARENNES S/ALLIER;FRPX05
VATAN;FRPL23
VAUVERT;FRPD68
VAUX LE PENIL;FRPASC
VEAUCHE;FRPL25
VELIZY -DE GAULLE;FRPL26
VENDIN LES BETHUNE;FRPL27
VENDOME -ST OUEN;FRPL28
VERNEUIL S/A-PT ROUG;FRPPM4
VERNOUILLET;FRPL31
VERRIERES LE BUISSON;FRPL32
VERSAILLES;FRPL34
VERTON;FRPAHG
VERTUS;FRPBBB
VERVINS;FRPL37
VIARMES;FRPL38
VIC EN BIGORRE;FRPD70
VIC FEZENSAC;FRPD71
VIENNE;FRPD73
VIERZON -FORGES;FRPD74
VIERZON -REPUBLIQUE;FRPBB1
VILLEFRANCHE S/SAONE;FRPAM7
VILLENEUVE D'ASCQ;FRPL42
VILLENEUVE DE MARSAN;FRPCGL
VILLENEUVE L'ARCHEVE;FRPD75
VILLENEUVE LES AVIGN;FRPAKF
VILLENEUVE LES BEZIE;FRPAEV
VILLEPREUX;FRPL44
VILLERS BOCAGE -14;FRPL46
VILLERS BOCAGE -80;FRPL47
VILLERS COTT -LECLER;FRPAIQ
VILLERS S/S ST LEU;FRPL45
VILLEURBANNE;FRPL49
VILLEURBANNE -GD CLE;FRPAFW
VILLEVIEILLE;FRPAFT
VIMOUTIERS;FRPZ98
VINCENNES;FRPL51
VINON S/VERDON;FRPZ63
VIRE -DOUITEE;FRPCFI
VITRY -VIA BELLA;FRPAM4
VITTEL;FRPD77
VIZILLE;FRPL53
VOIRON -COLOMBIER;FRPL55
VOISINS LE BRETONNEU;FRPL56
VONNAS;FRPL57
VOUZIERS;FRPL58
VOVES -LOIGNY;FRPAWN
WAVRIN;FRPAVT
WIMILLE;FRPAJQ
WINGLES -MEURCHIN;FRPL63
WITRY LES REIMS;FRPL65
YENNE;FRPAH5
YUTZ;FRPL67
YZEURE -2;FRPAEU
